,“ú•t,”N—î,«•Ê,subtype
0,1Œ20“ú,53,0,D.goblin
1,1Œ12“ú,54,1,D.jougo
2,1Œ27“ú,1,1,D.aureus
3,1Œ13“ú,12,0,D.aeruginosa
4,1Œ1“ú,54,1,D.malum
5,1Œ20“ú,6,1,D.aeruginosa
6,1Œ29“ú,7,0,D. douma
7,1Œ6“ú,54,0,D.jougo
8,1Œ7“ú,74,1,D.aeruginosa
9,1Œ5“ú,44,1,D.aureus
10,1Œ24“ú,59,0,D.jougo
11,1Œ28“ú,62,1,D.goblin
12,1Œ29“ú,36,0,D.malum
13,1Œ20“ú,78,0,D.aureus
14,1Œ6“ú,6,0,D.aeruginosa
15,1Œ16“ú,60,0,D.aureus
16,1Œ11“ú,19,0,D.aeruginosa
17,1Œ11“ú,75,1,D.jougo
18,1Œ22“ú,57,0,D.aureus
19,1Œ12“ú,41,0,D.jougo
20,1Œ20“ú,35,0,D.jougo
21,1Œ17“ú,38,0,D.aeruginosa
22,1Œ26“ú,11,1,D.goblin
23,1Œ27“ú,44,0,D.aeruginosa
24,1Œ0“ú,38,1,D.aeruginosa
25,1Œ19“ú,63,1,D.aureus
26,1Œ22“ú,49,0,D.aeruginosa
27,1Œ9“ú,33,1,D.malum
28,1Œ0“ú,88,0,D.malum
29,1Œ13“ú,7,0,D.malum
30,1Œ27“ú,62,0,D.aeruginosa
31,1Œ1“ú,69,0,D. douma
32,1Œ17“ú,37,0,D. douma
33,1Œ22“ú,53,0,D.aeruginosa
34,1Œ27“ú,57,1,D.aureus
35,1Œ28“ú,59,0,D.malum
36,1Œ27“ú,46,0,D.malum
37,1Œ8“ú,34,1,D.jougo
38,1Œ0“ú,25,1,D.aeruginosa
39,1Œ8“ú,31,0,D.aeruginosa
40,1Œ7“ú,66,1,D.aeruginosa
41,1Œ12“ú,46,1,D.goblin
42,1Œ0“ú,24,0,D.aeruginosa
43,1Œ17“ú,58,1,D.goblin
44,1Œ1“ú,71,1,D. douma
45,1Œ20“ú,58,0,D.aureus
46,1Œ16“ú,15,1,D.jougo
47,1Œ15“ú,67,1,D.goblin
48,1Œ20“ú,87,0,D.aeruginosa
49,1Œ0“ú,39,0,D.aeruginosa
50,1Œ29“ú,51,1,D.aureus
51,1Œ16“ú,58,0,D.jougo
52,1Œ29“ú,23,0,D.malum
53,1Œ2“ú,26,1,D.aureus
54,1Œ17“ú,47,1,D.jougo
55,1Œ13“ú,9,0,D.aeruginosa
56,1Œ17“ú,52,1,D.jougo
57,1Œ3“ú,24,0,D.aureus
58,1Œ27“ú,42,0,D.aureus
59,1Œ13“ú,46,1,D.goblin
60,1Œ8“ú,19,1,D.malum
61,1Œ20“ú,54,1,D.jougo
62,1Œ25“ú,51,1,D.aureus
63,1Œ20“ú,94,1,D.aureus
64,1Œ24“ú,54,0,D.aureus
65,1Œ16“ú,47,1,D.malum
66,1Œ8“ú,41,1,D.goblin
67,1Œ0“ú,70,1,D.malum
68,1Œ4“ú,69,1,D.aeruginosa
69,1Œ17“ú,98,1,D.jougo
70,1Œ2“ú,47,1,D.goblin
71,1Œ19“ú,48,1,D.malum
72,1Œ14“ú,14,1,D. douma
73,1Œ20“ú,107,1,D. douma
74,1Œ8“ú,37,1,D.goblin
75,1Œ1“ú,53,1,D.aureus
76,1Œ10“ú,40,1,D.aeruginosa
77,1Œ15“ú,42,1,D. douma
78,1Œ23“ú,44,0,D.aeruginosa
79,1Œ29“ú,73,0,D.goblin
80,1Œ19“ú,32,0,D.malum
81,1Œ6“ú,37,1,D.goblin
82,1Œ8“ú,43,0,D. douma
83,1Œ18“ú,59,1,D.jougo
84,1Œ12“ú,43,1,D.aureus
85,1Œ0“ú,71,1,D.goblin
86,1Œ17“ú,15,0,D.malum
87,1Œ12“ú,42,0,D.goblin
88,1Œ12“ú,21,1,D.aeruginosa
89,1Œ29“ú,50,1,D.goblin
90,1Œ12“ú,61,1,D. douma
91,1Œ18“ú,40,1,D.goblin
92,1Œ23“ú,37,0,D.aeruginosa
93,1Œ11“ú,6,0,D.malum
94,1Œ18“ú,30,1,D.aeruginosa
95,1Œ6“ú,43,1,D.goblin
96,1Œ6“ú,18,0,D.aureus
97,1Œ23“ú,16,1,D. douma
98,1Œ12“ú,53,0,D.goblin
99,1Œ24“ú,54,1,D.aureus
100,1Œ6“ú,62,1,D.jougo
101,1Œ17“ú,59,1,D.aureus
102,1Œ17“ú,24,1,D.malum
103,1Œ9“ú,31,0,D.aureus
104,1Œ25“ú,81,1,D. douma
105,1Œ8“ú,72,1,D. douma
106,1Œ20“ú,8,1,D.aureus
107,1Œ4“ú,57,0,D.goblin
108,1Œ22“ú,76,1,D. douma
109,1Œ4“ú,44,0,D. douma
110,1Œ12“ú,76,0,D. douma
111,1Œ23“ú,9,0,D.aeruginosa
112,1Œ3“ú,65,0,D. douma
113,1Œ25“ú,40,0,D.malum
114,1Œ4“ú,63,0,D.malum
115,1Œ20“ú,66,0,D. douma
116,1Œ27“ú,44,0,D.aeruginosa
117,1Œ17“ú,27,0,D.jougo
118,1Œ23“ú,44,0,D.malum
119,1Œ20“ú,11,1,D.malum
120,1Œ4“ú,40,1,D.jougo
121,1Œ27“ú,2,0,D.jougo
122,1Œ18“ú,25,1,D.aureus
123,1Œ9“ú,26,1,D. douma
124,1Œ2“ú,94,0,D.aeruginosa
125,1Œ22“ú,39,1,D. douma
126,1Œ25“ú,3,1,D.jougo
127,1Œ8“ú,61,1,D.aeruginosa
128,1Œ18“ú,50,1,D. douma
129,1Œ8“ú,66,0,D.jougo
130,1Œ8“ú,15,0,D.aeruginosa
131,1Œ8“ú,85,1,D.jougo
132,1Œ12“ú,68,0,D.aeruginosa
133,1Œ20“ú,14,1,D.goblin
134,1Œ6“ú,7,1,D.aureus
135,1Œ4“ú,50,0,D.jougo
136,1Œ28“ú,77,1,D. douma
137,1Œ20“ú,73,1,D.aeruginosa
138,1Œ25“ú,59,1,D.aeruginosa
139,1Œ17“ú,99,0,D.malum
140,1Œ4“ú,35,0,D.aureus
141,1Œ10“ú,35,0,D.aeruginosa
142,1Œ7“ú,35,0,D.aureus
143,1Œ23“ú,67,0,D.aeruginosa
144,1Œ23“ú,2,0,D.jougo
145,1Œ11“ú,25,0,D.goblin
146,1Œ0“ú,36,1,D.jougo
147,1Œ15“ú,29,0,D.jougo
148,1Œ13“ú,80,1,D.malum
149,1Œ12“ú,54,0,D.aeruginosa
150,1Œ17“ú,84,0,D. douma
151,1Œ3“ú,41,1,D. douma
152,1Œ6“ú,2,0,D. douma
153,1Œ0“ú,58,1,D.jougo
154,1Œ18“ú,87,1,D.aureus
155,1Œ21“ú,15,0,D.aeruginosa
156,1Œ27“ú,31,1,D. douma
157,1Œ16“ú,61,1,D.malum
158,1Œ10“ú,33,0,D.aeruginosa
159,1Œ23“ú,68,0,D.jougo
160,1Œ10“ú,24,1,D.jougo
161,1Œ12“ú,62,1,D. douma
162,1Œ12“ú,94,0,D. douma
163,1Œ3“ú,35,1,D.goblin
164,1Œ9“ú,63,1,D.aureus
165,1Œ2“ú,29,0,D.goblin
166,1Œ2“ú,84,1,D. douma
167,1Œ12“ú,50,1,D.aureus
168,1Œ12“ú,79,1,D.malum
169,1Œ19“ú,38,0,D.jougo
170,1Œ16“ú,23,1,D.malum
171,1Œ20“ú,44,1,D.jougo
172,1Œ2“ú,10,1,D.aureus
173,1Œ17“ú,20,1,D.aureus
174,1Œ4“ú,1,1,D. douma
175,1Œ22“ú,69,0,D.aeruginosa
176,1Œ11“ú,66,1,D.jougo
177,1Œ28“ú,50,0,D.malum
178,1Œ8“ú,67,1,D.aureus
179,1Œ7“ú,28,0,D.goblin
180,1Œ29“ú,107,1,D.aureus
181,1Œ10“ú,13,0,D.aureus
182,1Œ28“ú,49,0,D.jougo
183,1Œ12“ú,27,1,D.aeruginosa
184,1Œ11“ú,7,1,D.aeruginosa
185,1Œ24“ú,28,0,D.goblin
186,1Œ4“ú,3,0,D.goblin
187,1Œ0“ú,42,0,D.malum
188,1Œ7“ú,52,0,D.goblin
189,1Œ28“ú,15,1,D.malum
190,1Œ16“ú,106,0,D.malum
191,1Œ19“ú,66,0,D.aureus
192,1Œ8“ú,41,1,D.aureus
193,1Œ17“ú,62,0,D. douma
194,1Œ10“ú,43,1,D.aureus
195,1Œ7“ú,56,0,D. douma
196,1Œ27“ú,49,0,D.aeruginosa
197,1Œ16“ú,14,1,D.malum
198,1Œ17“ú,47,1,D.jougo
199,1Œ11“ú,83,0,D.aeruginosa
200,1Œ0“ú,54,0,D.goblin
201,1Œ8“ú,101,0,D.aureus
202,1Œ13“ú,30,0,D.aeruginosa
203,1Œ8“ú,5,0,D.aureus
204,1Œ18“ú,51,0,D.malum
205,1Œ4“ú,25,0,D.malum
206,1Œ20“ú,62,1,D.aureus
207,1Œ20“ú,38,1,D.aureus
208,1Œ22“ú,55,0,D.aureus
209,1Œ19“ú,52,0,D.jougo
210,1Œ18“ú,31,0,D.aeruginosa
211,1Œ2“ú,92,1,D.goblin
212,1Œ28“ú,59,0,D.aureus
213,1Œ24“ú,40,0,D.aureus
214,1Œ7“ú,56,0,D. douma
215,1Œ30“ú,28,0,D. douma
216,1Œ2“ú,75,0,D. douma
217,1Œ13“ú,24,0,D.aureus
218,1Œ23“ú,59,0,D.malum
219,1Œ3“ú,64,1,D.jougo
220,1Œ29“ú,52,1,D.goblin
221,1Œ11“ú,61,1,D.goblin
222,1Œ28“ú,56,0,D.aeruginosa
223,1Œ20“ú,35,0,D.aeruginosa
224,1Œ2“ú,45,0,D.jougo
225,1Œ16“ú,69,0,D.malum
226,1Œ19“ú,68,0,D.aeruginosa
227,1Œ28“ú,55,1,D.jougo
228,1Œ23“ú,34,1,D.jougo
229,1Œ1“ú,79,1,D.aureus
230,1Œ10“ú,8,0,D.aeruginosa
231,1Œ0“ú,77,0,D.malum
232,1Œ4“ú,42,0,D.aeruginosa
233,1Œ14“ú,86,1,D.goblin
234,1Œ2“ú,43,0,D.jougo
235,1Œ14“ú,24,1,D.goblin
236,1Œ27“ú,54,0,D.aureus
237,1Œ15“ú,37,1,D.aeruginosa
238,1Œ17“ú,39,1,D.goblin
239,1Œ17“ú,48,0,D. douma
240,1Œ15“ú,38,0,D.aeruginosa
241,1Œ12“ú,39,0,D.aeruginosa
242,1Œ12“ú,11,0,D.jougo
243,1Œ23“ú,70,0,D.goblin
244,1Œ28“ú,44,0,D.aeruginosa
245,1Œ10“ú,41,1,D.aeruginosa
246,1Œ5“ú,7,1,D. douma
247,1Œ4“ú,100,1,D.goblin
248,1Œ11“ú,73,0,D.aureus
249,1Œ13“ú,20,0,D.aeruginosa
250,1Œ16“ú,46,0,D.aureus
251,1Œ17“ú,36,1,D.jougo
252,1Œ29“ú,61,0,D.malum
253,1Œ26“ú,62,0,D. douma
254,1Œ0“ú,53,1,D.goblin
255,1Œ30“ú,19,1,D.malum
256,1Œ25“ú,23,0,D.jougo
257,1Œ29“ú,62,1,D.aureus
258,1Œ12“ú,15,1,D.jougo
259,1Œ28“ú,54,1,D. douma
260,1Œ17“ú,58,1,D.aureus
261,1Œ13“ú,85,1,D.jougo
262,1Œ2“ú,72,1,D.goblin
263,1Œ2“ú,6,1,D.jougo
264,1Œ8“ú,45,1,D.aeruginosa
265,1Œ25“ú,42,0,D.aeruginosa
266,1Œ8“ú,33,0,D.goblin
267,1Œ0“ú,68,1,D.jougo
268,1Œ16“ú,38,1,D.aeruginosa
269,1Œ16“ú,60,0,D. douma
270,1Œ16“ú,48,1,D.goblin
271,1Œ9“ú,23,0,D.aureus
272,1Œ7“ú,24,1,D.goblin
273,1Œ18“ú,71,0,D.malum
274,1Œ1“ú,33,0,D.malum
275,1Œ17“ú,63,0,D.malum
276,1Œ16“ú,17,1,D.goblin
277,1Œ8“ú,78,1,D.jougo
278,1Œ12“ú,30,0,D.goblin
279,1Œ27“ú,61,1,D.goblin
280,1Œ2“ú,28,1,D.goblin
281,1Œ12“ú,51,1,D.goblin
282,1Œ17“ú,40,1,D.goblin
283,1Œ1“ú,42,1,D. douma
284,1Œ8“ú,44,1,D. douma
285,1Œ24“ú,57,0,D.malum
286,1Œ23“ú,72,1,D.goblin
287,1Œ4“ú,75,1,D. douma
288,1Œ5“ú,29,1,D.jougo
289,1Œ23“ú,62,1,D.aureus
290,1Œ10“ú,63,1,D. douma
291,1Œ8“ú,83,1,D. douma
292,1Œ25“ú,73,1,D.aureus
293,1Œ15“ú,38,1,D.aeruginosa
294,1Œ29“ú,37,1,D. douma
295,1Œ0“ú,25,1,D.jougo
296,1Œ6“ú,10,0,D.jougo
297,1Œ16“ú,42,1,D.malum
298,1Œ6“ú,75,1,D.aureus
299,1Œ2“ú,37,0,D.malum
300,1Œ27“ú,33,0,D. douma
301,1Œ0“ú,41,1,D.aeruginosa
302,1Œ18“ú,68,0,D.jougo
303,1Œ16“ú,57,0,D.goblin
304,1Œ2“ú,25,1,D.aureus
305,1Œ14“ú,63,0,D.aeruginosa
306,1Œ19“ú,64,0,D.aeruginosa
307,1Œ28“ú,60,1,D.aeruginosa
308,1Œ6“ú,86,0,D. douma
309,1Œ8“ú,20,0,D.malum
310,1Œ1“ú,19,1,D.aeruginosa
311,1Œ17“ú,41,0,D.malum
312,1Œ14“ú,27,1,D. douma
313,1Œ13“ú,12,0,D.goblin
314,1Œ0“ú,80,0,D.jougo
315,1Œ28“ú,41,0,D.aeruginosa
316,1Œ27“ú,12,1,D.malum
317,1Œ16“ú,6,1,D. douma
318,1Œ13“ú,72,1,D.goblin
319,1Œ17“ú,84,1,D.jougo
320,1Œ27“ú,28,1,D.aeruginosa
321,1Œ2“ú,30,1,D. douma
322,1Œ14“ú,9,0,D.aureus
323,1Œ10“ú,36,0,D.goblin
324,1Œ12“ú,5,0,D.goblin
325,1Œ8“ú,94,0,D.aeruginosa
326,1Œ3“ú,39,1,D.goblin
327,1Œ7“ú,93,1,D.aeruginosa
328,1Œ17“ú,41,0,D. douma
329,1Œ19“ú,69,1,D.aureus
330,1Œ20“ú,32,0,D. douma
331,1Œ4“ú,62,0,D. douma
332,1Œ18“ú,41,1,D.malum
333,1Œ0“ú,41,1,D.aureus
334,1Œ15“ú,64,0,D.aeruginosa
335,1Œ29“ú,65,1,D. douma
336,1Œ7“ú,65,1,D. douma
337,1Œ8“ú,58,0,D.goblin
338,1Œ17“ú,59,0,D.malum
339,1Œ29“ú,23,0,D.jougo
340,1Œ2“ú,47,1,D.goblin
341,1Œ27“ú,64,1,D.goblin
342,1Œ14“ú,42,0,D.malum
343,1Œ10“ú,85,1,D.malum
344,1Œ19“ú,18,0,D.aureus
345,1Œ3“ú,37,0,D.aeruginosa
346,1Œ7“ú,61,1,D.jougo
347,1Œ28“ú,68,0,D.aeruginosa
348,1Œ17“ú,35,1,D.aeruginosa
349,1Œ4“ú,34,1,D.goblin
350,1Œ8“ú,41,0,D. douma
351,1Œ4“ú,28,0,D. douma
352,1Œ16“ú,59,1,D. douma
353,1Œ12“ú,37,0,D.goblin
354,1Œ8“ú,55,1,D.goblin
355,1Œ0“ú,60,0,D.malum
356,1Œ19“ú,67,0,D.aeruginosa
357,1Œ0“ú,55,0,D.jougo
358,1Œ27“ú,57,1,D.aureus
359,1Œ29“ú,66,1,D.aureus
360,1Œ18“ú,80,1,D.jougo
361,1Œ10“ú,61,1,D.goblin
362,1Œ20“ú,31,0,D.jougo
363,1Œ16“ú,73,1,D.goblin
364,1Œ20“ú,93,0,D.aureus
365,1Œ23“ú,50,1,D. douma
366,1Œ8“ú,19,0,D.goblin
367,1Œ20“ú,41,1,D. douma
368,1Œ12“ú,39,0,D.aeruginosa
369,1Œ25“ú,19,1,D.aureus
370,1Œ27“ú,45,0,D.jougo
371,1Œ0“ú,56,0,D.malum
372,1Œ14“ú,49,1,D.aeruginosa
373,1Œ13“ú,85,0,D. douma
374,1Œ6“ú,76,1,D.aureus
375,1Œ17“ú,63,0,D.goblin
376,1Œ7“ú,66,0,D.aureus
377,1Œ14“ú,50,1,D.goblin
378,1Œ23“ú,28,1,D. douma
379,1Œ17“ú,28,0,D.malum
380,1Œ29“ú,53,1,D.goblin
381,1Œ16“ú,64,1,D.aureus
382,1Œ12“ú,39,0,D.malum
383,1Œ29“ú,42,1,D.malum
384,1Œ17“ú,26,1,D.aureus
385,1Œ28“ú,48,0,D.malum
386,1Œ29“ú,14,1,D.jougo
387,1Œ16“ú,49,1,D.aeruginosa
388,1Œ4“ú,54,1,D. douma
389,1Œ8“ú,30,0,D.aeruginosa
390,1Œ12“ú,73,0,D.jougo
391,1Œ16“ú,47,1,D. douma
392,1Œ4“ú,13,1,D.aureus
393,1Œ22“ú,34,1,D.jougo
394,1Œ6“ú,12,1,D.goblin
395,1Œ27“ú,11,1,D. douma
396,1Œ27“ú,53,1,D.aureus
397,1Œ9“ú,35,1,D.goblin
398,1Œ12“ú,25,0,D.malum
399,1Œ15“ú,66,0,D.aeruginosa
400,1Œ22“ú,69,1,D.jougo
401,1Œ8“ú,52,0,D. douma
402,1Œ9“ú,43,0,D.aeruginosa
403,1Œ11“ú,66,0,D. douma
404,1Œ4“ú,43,0,D. douma
405,1Œ16“ú,25,1,D.jougo
406,1Œ18“ú,70,1,D.aureus
407,1Œ6“ú,48,0,D.aeruginosa
408,1Œ16“ú,84,1,D.goblin
409,1Œ10“ú,41,0,D. douma
410,1Œ1“ú,34,1,D.aureus
411,1Œ26“ú,12,1,D.malum
412,1Œ20“ú,17,0,D.jougo
413,1Œ18“ú,80,0,D. douma
414,1Œ17“ú,26,1,D.malum
415,1Œ12“ú,24,0,D.aeruginosa
416,1Œ28“ú,47,1,D.jougo
417,1Œ16“ú,49,1,D.malum
418,1Œ25“ú,38,1,D.aureus
419,1Œ17“ú,14,0,D.jougo
420,1Œ27“ú,40,1,D.aureus
421,1Œ6“ú,55,1,D.goblin
422,1Œ12“ú,38,0,D. douma
423,1Œ13“ú,10,1,D.jougo
424,1Œ6“ú,72,1,D.goblin
425,1Œ22“ú,59,1,D.jougo
426,1Œ12“ú,56,0,D.aeruginosa
427,1Œ2“ú,146,1,D.aeruginosa
428,1Œ25“ú,28,1,D.aureus
429,1Œ17“ú,89,0,D. douma
430,1Œ5“ú,16,1,D.goblin
431,1Œ13“ú,28,1,D.aeruginosa
432,1Œ17“ú,86,1,D. douma
433,1Œ28“ú,14,1,D.malum
434,1Œ6“ú,19,1,D.aureus
435,1Œ28“ú,79,1,D.malum
436,1Œ12“ú,11,0,D.aureus
437,1Œ3“ú,26,0,D. douma
438,1Œ16“ú,37,1,D.aeruginosa
439,1Œ6“ú,16,1,D.aeruginosa
440,1Œ0“ú,81,0,D.goblin
441,1Œ12“ú,41,1,D. douma
442,1Œ9“ú,65,1,D.aureus
443,1Œ20“ú,63,0,D.jougo
444,1Œ10“ú,67,1,D.goblin
445,1Œ20“ú,98,1,D.malum
446,1Œ17“ú,47,0,D. douma
447,1Œ29“ú,65,0,D.aeruginosa
448,1Œ5“ú,40,1,D.aureus
449,1Œ0“ú,56,1,D.goblin
450,1Œ25“ú,33,0,D. douma
451,1Œ24“ú,35,0,D.malum
452,1Œ5“ú,67,1,D.malum
453,1Œ7“ú,60,1,D.jougo
454,1Œ11“ú,39,0,D.jougo
455,1Œ8“ú,39,0,D.aeruginosa
456,1Œ13“ú,21,0,D.aeruginosa
457,1Œ17“ú,61,1,D.aeruginosa
458,1Œ14“ú,48,0,D.aureus
459,1Œ12“ú,60,0,D.aeruginosa
460,1Œ5“ú,42,1,D.goblin
461,1Œ20“ú,62,1,D.aeruginosa
462,1Œ19“ú,60,1,D.malum
463,1Œ29“ú,51,1,D.aeruginosa
464,1Œ25“ú,72,1,D.malum
465,1Œ14“ú,37,1,D. douma
466,1Œ18“ú,74,0,D. douma
467,1Œ23“ú,17,1,D.aureus
468,1Œ6“ú,58,1,D.aureus
469,1Œ20“ú,56,0,D.aureus
470,1Œ19“ú,70,1,D.malum
471,1Œ29“ú,69,1,D.aeruginosa
472,1Œ2“ú,44,1,D.malum
473,1Œ8“ú,42,1,D.jougo
474,1Œ26“ú,59,1,D.aureus
475,1Œ18“ú,34,0,D.goblin
476,1Œ10“ú,77,0,D.goblin
477,1Œ25“ú,55,1,D.aureus
478,1Œ27“ú,68,0,D.malum
479,1Œ10“ú,68,1,D.goblin
480,1Œ17“ú,72,1,D. douma
481,1Œ4“ú,63,0,D.jougo
482,1Œ19“ú,13,0,D.malum
483,1Œ15“ú,28,0,D.aureus
484,1Œ7“ú,64,0,D.goblin
485,1Œ8“ú,41,1,D.malum
486,1Œ27“ú,25,1,D. douma
487,1Œ18“ú,35,0,D. douma
488,1Œ18“ú,51,1,D.jougo
489,1Œ17“ú,34,1,D.aeruginosa
490,1Œ4“ú,46,0,D.jougo
491,1Œ21“ú,28,1,D.jougo
492,1Œ10“ú,63,0,D.goblin
493,1Œ8“ú,63,1,D. douma
494,1Œ17“ú,64,0,D. douma
495,1Œ29“ú,26,1,D. douma
496,1Œ28“ú,5,1,D.jougo
497,1Œ27“ú,38,1,D.aureus
498,1Œ15“ú,50,0,D.aureus
499,1Œ24“ú,28,0,D. douma
500,1Œ20“ú,72,1,D.jougo
501,1Œ16“ú,61,0,D.jougo
502,1Œ9“ú,37,0,D.aureus
503,1Œ8“ú,52,0,D.malum
504,1Œ20“ú,25,1,D. douma
505,1Œ17“ú,76,1,D.aeruginosa
506,1Œ0“ú,39,0,D.goblin
507,1Œ2“ú,21,0,D.aureus
508,1Œ27“ú,43,0,D.goblin
509,1Œ8“ú,43,1,D. douma
510,1Œ1“ú,62,1,D.goblin
511,1Œ14“ú,53,1,D.jougo
512,1Œ19“ú,13,1,D.aureus
513,1Œ23“ú,20,0,D.aeruginosa
514,1Œ16“ú,33,0,D.malum
515,1Œ19“ú,58,1,D.jougo
516,1Œ29“ú,58,0,D.jougo
517,1Œ27“ú,57,1,D.malum
518,1Œ15“ú,49,1,D.goblin
519,1Œ19“ú,70,0,D.aeruginosa
520,1Œ7“ú,9,1,D.malum
521,1Œ13“ú,7,1,D.aeruginosa
522,1Œ24“ú,58,0,D. douma
523,1Œ16“ú,35,1,D.malum
524,1Œ13“ú,38,1,D.jougo
525,1Œ17“ú,79,0,D. douma
526,1Œ12“ú,47,1,D. douma
527,1Œ4“ú,25,0,D.malum
528,1Œ13“ú,66,0,D.malum
529,1Œ20“ú,77,0,D. douma
530,1Œ22“ú,61,1,D.malum
531,1Œ29“ú,76,0,D. douma
532,1Œ21“ú,53,1,D.aureus
533,1Œ12“ú,33,1,D.jougo
534,1Œ6“ú,74,1,D.goblin
535,1Œ0“ú,34,1,D.aeruginosa
536,1Œ28“ú,40,1,D.aeruginosa
537,1Œ16“ú,83,0,D.malum
538,1Œ28“ú,30,1,D.malum
539,1Œ10“ú,62,1,D. douma
540,1Œ13“ú,63,1,D.jougo
541,1Œ4“ú,30,0,D.aureus
542,1Œ10“ú,15,1,D.goblin
543,1Œ8“ú,55,1,D.malum
544,1Œ23“ú,27,1,D.jougo
545,1Œ12“ú,63,0,D.goblin
546,1Œ5“ú,36,0,D.goblin
547,1Œ1“ú,89,1,D.jougo
548,1Œ7“ú,27,1,D.malum
549,1Œ27“ú,46,0,D.malum
550,1Œ26“ú,1,0,D.aeruginosa
551,1Œ2“ú,22,0,D.aeruginosa
552,1Œ12“ú,17,0,D.goblin
553,1Œ1“ú,27,1,D. douma
554,1Œ2“ú,15,0,D. douma
555,1Œ20“ú,57,1,D. douma
556,1Œ15“ú,7,0,D.jougo
557,1Œ27“ú,78,1,D. douma
558,1Œ10“ú,23,0,D. douma
559,1Œ0“ú,40,1,D. douma
560,1Œ8“ú,87,0,D.aureus
561,1Œ18“ú,72,0,D. douma
562,1Œ12“ú,4,1,D.aeruginosa
563,1Œ17“ú,65,0,D.aureus
564,1Œ12“ú,9,1,D.malum
565,1Œ16“ú,25,0,D.goblin
566,1Œ4“ú,34,1,D.jougo
567,1Œ16“ú,39,1,D.jougo
568,1Œ27“ú,11,0,D. douma
569,1Œ28“ú,38,1,D. douma
570,1Œ17“ú,31,1,D.aureus
571,1Œ27“ú,33,1,D.aeruginosa
572,1Œ25“ú,74,1,D.aeruginosa
573,1Œ8“ú,21,1,D. douma
574,1Œ20“ú,68,1,D.jougo
575,1Œ16“ú,23,1,D. douma
576,1Œ1“ú,36,1,D.malum
577,1Œ4“ú,2,1,D.jougo
578,1Œ17“ú,60,1,D.aureus
579,1Œ11“ú,5,1,D.aeruginosa
580,1Œ12“ú,61,1,D.aureus
581,1Œ10“ú,18,0,D.jougo
582,1Œ12“ú,32,0,D. douma
583,1Œ16“ú,64,0,D.jougo
584,1Œ0“ú,65,1,D.aeruginosa
585,1Œ4“ú,41,1,D.malum
586,1Œ30“ú,12,0,D. douma
587,1Œ17“ú,46,1,D.malum
588,1Œ18“ú,45,1,D.jougo
589,1Œ18“ú,30,1,D.aeruginosa
590,1Œ0“ú,73,1,D.goblin
591,1Œ6“ú,77,0,D.aureus
592,1Œ12“ú,42,0,D.goblin
593,1Œ17“ú,12,0,D.aureus
594,1Œ18“ú,16,1,D.goblin
595,1Œ15“ú,80,0,D.aeruginosa
596,1Œ6“ú,2,1,D.malum
597,1Œ16“ú,13,1,D.goblin
598,1Œ8“ú,50,0,D.malum
599,1Œ27“ú,89,0,D.aureus
600,1Œ5“ú,5,1,D.malum
601,1Œ23“ú,39,0,D.malum
602,1Œ29“ú,60,0,D. douma
603,1Œ2“ú,77,0,D.jougo
604,1Œ12“ú,38,0,D.aureus
605,1Œ25“ú,49,0,D.jougo
606,1Œ17“ú,44,1,D.jougo
607,1Œ6“ú,69,1,D.goblin
608,1Œ27“ú,67,1,D.goblin
609,1Œ5“ú,24,0,D.aeruginosa
610,1Œ23“ú,3,1,D.aeruginosa
611,1Œ4“ú,81,1,D.aureus
612,1Œ20“ú,22,0,D. douma
613,1Œ21“ú,29,1,D.jougo
614,1Œ11“ú,21,1,D.jougo
615,1Œ22“ú,49,0,D.goblin
616,1Œ24“ú,16,1,D.aeruginosa
617,1Œ25“ú,66,0,D. douma
618,1Œ6“ú,29,0,D.malum
619,1Œ4“ú,50,1,D.goblin
620,1Œ27“ú,62,0,D.jougo
621,1Œ8“ú,49,0,D.malum
622,1Œ20“ú,31,0,D.malum
623,1Œ12“ú,31,0,D.goblin
624,1Œ4“ú,42,1,D.goblin
625,1Œ6“ú,42,0,D.aureus
626,1Œ16“ú,25,0,D. douma
627,1Œ8“ú,24,0,D.aureus
628,1Œ27“ú,77,0,D.malum
629,1Œ23“ú,32,0,D.aeruginosa
630,1Œ18“ú,22,1,D.goblin
631,1Œ23“ú,50,1,D.malum
632,1Œ17“ú,25,0,D.goblin
633,1Œ1“ú,21,0,D.aeruginosa
634,1Œ17“ú,47,0,D.goblin
635,1Œ10“ú,53,1,D.malum
636,1Œ8“ú,42,0,D.malum
637,1Œ17“ú,75,1,D.aeruginosa
638,1Œ8“ú,15,1,D.malum
639,1Œ15“ú,63,1,D.jougo
640,1Œ14“ú,39,1,D.malum
641,1Œ16“ú,43,0,D. douma
642,1Œ29“ú,60,1,D.aeruginosa
643,1Œ8“ú,75,0,D.malum
644,1Œ27“ú,6,1,D.aureus
645,1Œ12“ú,48,1,D.aureus
646,1Œ13“ú,11,0,D.aeruginosa
647,1Œ17“ú,69,1,D. douma
648,1Œ7“ú,31,0,D.goblin
649,1Œ10“ú,10,0,D. douma
650,1Œ18“ú,59,0,D.aureus
651,1Œ20“ú,104,1,D.malum
652,1Œ29“ú,52,1,D.aeruginosa
653,1Œ6“ú,63,1,D.jougo
654,1Œ11“ú,3,0,D.jougo
655,1Œ23“ú,58,0,D.aureus
656,1Œ8“ú,34,0,D.goblin
657,1Œ8“ú,48,0,D.aeruginosa
658,1Œ17“ú,23,1,D.aureus
659,1Œ20“ú,25,1,D.malum
660,1Œ20“ú,56,0,D.jougo
661,1Œ23“ú,45,1,D.aeruginosa
662,1Œ7“ú,36,0,D.goblin
663,1Œ2“ú,78,0,D. douma
664,1Œ16“ú,19,0,D. douma
665,1Œ20“ú,65,1,D.malum
666,1Œ27“ú,21,1,D.aureus
667,1Œ10“ú,63,0,D.malum
668,1Œ7“ú,19,1,D. douma
669,1Œ10“ú,73,0,D.aureus
670,1Œ16“ú,46,0,D.goblin
671,1Œ19“ú,52,0,D.goblin
672,1Œ8“ú,15,0,D. douma
673,1Œ20“ú,80,1,D. douma
674,1Œ28“ú,62,0,D. douma
675,1Œ23“ú,27,0,D.jougo
676,1Œ11“ú,38,0,D.aeruginosa
677,1Œ30“ú,81,0,D.goblin
678,1Œ15“ú,6,1,D.jougo
679,1Œ25“ú,64,0,D.malum
680,1Œ3“ú,49,1,D.goblin
681,1Œ27“ú,37,1,D.malum
682,1Œ14“ú,43,0,D. douma
683,1Œ19“ú,77,0,D. douma
684,1Œ0“ú,26,1,D.jougo
685,1Œ17“ú,58,1,D.aureus
686,1Œ14“ú,24,1,D.aeruginosa
687,1Œ27“ú,58,1,D. douma
688,1Œ14“ú,55,1,D.goblin
689,1Œ9“ú,40,0,D.malum
690,1Œ25“ú,28,1,D.goblin
691,1Œ16“ú,32,1,D.malum
692,1Œ10“ú,45,0,D.jougo
693,1Œ19“ú,51,0,D.jougo
694,1Œ23“ú,40,1,D. douma
695,1Œ23“ú,94,1,D.aureus
696,1Œ10“ú,38,0,D.aeruginosa
697,1Œ9“ú,14,1,D.aureus
698,1Œ10“ú,14,0,D.jougo
699,1Œ12“ú,84,0,D. douma
700,1Œ4“ú,80,1,D. douma
701,1Œ8“ú,40,1,D.aeruginosa
702,1Œ3“ú,67,0,D.malum
703,1Œ4“ú,69,1,D.goblin
704,1Œ6“ú,82,0,D.aureus
705,1Œ28“ú,31,0,D.malum
706,1Œ16“ú,31,0,D.goblin
707,1Œ23“ú,6,0,D.goblin
708,1Œ1“ú,51,1,D. douma
709,1Œ28“ú,95,0,D.malum
710,1Œ17“ú,91,1,D.aeruginosa
711,1Œ23“ú,87,1,D.aureus
712,1Œ15“ú,17,0,D.malum
713,1Œ20“ú,76,1,D.goblin
714,1Œ3“ú,27,1,D.malum
715,1Œ25“ú,43,0,D.aeruginosa
716,1Œ16“ú,49,1,D.aeruginosa
717,1Œ5“ú,108,1,D.aeruginosa
718,1Œ21“ú,52,0,D.aeruginosa
719,1Œ10“ú,96,0,D.jougo
720,1Œ15“ú,6,0,D.jougo
721,1Œ8“ú,49,0,D.goblin
722,1Œ16“ú,12,0,D.aureus
723,1Œ28“ú,14,0,D.goblin
724,1Œ11“ú,62,1,D.malum
725,1Œ1“ú,60,1,D. douma
726,1Œ27“ú,26,0,D.malum
727,1Œ18“ú,39,0,D.jougo
728,1Œ20“ú,59,1,D.aeruginosa
729,1Œ4“ú,59,1,D.aureus
730,1Œ2“ú,29,0,D.jougo
731,1Œ20“ú,14,0,D. douma
732,1Œ16“ú,42,1,D.goblin
733,1Œ13“ú,32,0,D.goblin
734,1Œ4“ú,28,1,D.aeruginosa
735,1Œ25“ú,33,0,D.goblin
736,1Œ24“ú,53,0,D.jougo
737,1Œ8“ú,91,0,D. douma
738,1Œ19“ú,71,0,D.malum
739,1Œ12“ú,2,0,D. douma
740,1Œ22“ú,44,1,D. douma
741,1Œ17“ú,14,0,D.aeruginosa
742,1Œ20“ú,26,0,D.goblin
743,1Œ28“ú,1,0,D.jougo
744,1Œ13“ú,65,0,D.malum
745,1Œ30“ú,20,1,D.malum
746,1Œ9“ú,53,0,D.aeruginosa
747,1Œ29“ú,40,0,D.aeruginosa
748,1Œ23“ú,52,0,D.malum
749,1Œ27“ú,42,0,D. douma
750,1Œ3“ú,19,0,D.goblin
751,1Œ26“ú,40,0,D.goblin
752,1Œ17“ú,30,0,D. douma
753,1Œ16“ú,60,1,D.goblin
754,1Œ7“ú,27,1,D.aeruginosa
755,1Œ17“ú,42,1,D.malum
756,1Œ10“ú,51,1,D.jougo
757,1Œ17“ú,42,1,D.goblin
758,1Œ25“ú,49,0,D. douma
759,1Œ28“ú,21,1,D.jougo
760,1Œ13“ú,54,0,D. douma
761,1Œ21“ú,47,1,D. douma
762,1Œ30“ú,33,0,D.jougo
763,1Œ17“ú,48,1,D.malum
764,1Œ12“ú,115,1,D.jougo
765,1Œ22“ú,79,0,D.aeruginosa
766,1Œ23“ú,27,0,D.jougo
767,1Œ4“ú,22,1,D.aeruginosa
768,1Œ4“ú,12,1,D. douma
769,1Œ20“ú,71,0,D.aeruginosa
770,1Œ25“ú,60,0,D.malum
771,1Œ8“ú,94,1,D.malum
772,1Œ12“ú,2,1,D.malum
773,1Œ15“ú,59,1,D.aureus
774,1Œ3“ú,57,1,D.jougo
775,1Œ29“ú,38,1,D.jougo
776,1Œ12“ú,38,0,D.malum
777,1Œ19“ú,36,1,D.goblin
778,1Œ19“ú,55,0,D.jougo
779,1Œ17“ú,43,1,D.aureus
780,1Œ5“ú,31,0,D.goblin
781,1Œ14“ú,86,1,D.jougo
782,1Œ19“ú,11,0,D.aureus
783,1Œ28“ú,63,0,D.aeruginosa
784,1Œ14“ú,39,1,D.jougo
785,1Œ0“ú,40,1,D.malum
786,1Œ27“ú,72,0,D.aeruginosa
787,1Œ20“ú,23,0,D.aureus
788,1Œ17“ú,32,0,D.malum
789,1Œ10“ú,20,1,D.goblin
790,1Œ17“ú,76,1,D. douma
791,1Œ10“ú,64,0,D.jougo
792,1Œ22“ú,87,0,D.goblin
793,1Œ20“ú,43,0,D. douma
794,1Œ23“ú,55,1,D.goblin
795,1Œ16“ú,36,0,D.jougo
796,1Œ29“ú,58,1,D.aeruginosa
797,1Œ27“ú,39,1,D.aeruginosa
798,1Œ23“ú,32,0,D.aureus
799,1Œ23“ú,8,1,D. douma
800,1Œ25“ú,73,1,D.aureus
801,1Œ20“ú,59,0,D.aeruginosa
802,1Œ0“ú,104,0,D.aureus
803,1Œ25“ú,21,0,D.aureus
804,1Œ7“ú,92,1,D.aureus
805,1Œ21“ú,33,1,D.malum
806,1Œ6“ú,34,1,D.jougo
807,1Œ20“ú,37,1,D.jougo
808,1Œ27“ú,22,1,D.jougo
809,1Œ27“ú,38,0,D.jougo
810,1Œ24“ú,51,0,D.malum
811,1Œ13“ú,37,0,D.malum
812,1Œ9“ú,59,0,D.jougo
813,1Œ11“ú,56,1,D. douma
814,1Œ16“ú,16,1,D. douma
815,1Œ30“ú,34,1,D.jougo
816,1Œ28“ú,21,0,D.aureus
817,1Œ22“ú,75,0,D.aeruginosa
818,1Œ29“ú,72,0,D.aureus
819,1Œ12“ú,69,0,D. douma
820,1Œ12“ú,31,0,D.jougo
821,1Œ24“ú,71,0,D.malum
822,1Œ23“ú,31,1,D.malum
823,1Œ1“ú,80,1,D.aeruginosa
824,1Œ16“ú,58,0,D.goblin
825,1Œ6“ú,54,0,D. douma
826,1Œ2“ú,83,0,D.goblin
827,1Œ11“ú,42,0,D.malum
828,1Œ12“ú,38,0,D.aeruginosa
829,1Œ8“ú,28,1,D.aureus
830,1Œ17“ú,23,0,D.malum
831,1Œ9“ú,86,0,D.goblin
832,1Œ7“ú,28,1,D.malum
833,1Œ11“ú,38,0,D. douma
834,1Œ10“ú,37,1,D. douma
835,1Œ3“ú,55,1,D.jougo
836,1Œ12“ú,61,0,D. douma
837,1Œ12“ú,75,0,D.jougo
838,1Œ29“ú,26,0,D.goblin
839,1Œ28“ú,40,1,D. douma
840,1Œ10“ú,50,1,D.malum
841,1Œ11“ú,9,0,D. douma
842,1Œ2“ú,21,1,D.aureus
843,1Œ21“ú,30,1,D.goblin
844,1Œ26“ú,17,1,D. douma
845,1Œ17“ú,48,1,D. douma
846,1Œ25“ú,17,0,D.aureus
847,1Œ0“ú,25,1,D.goblin
848,1Œ6“ú,64,1,D. douma
849,1Œ17“ú,50,0,D.aeruginosa
850,1Œ30“ú,35,1,D.malum
851,1Œ12“ú,37,1,D.malum
852,1Œ11“ú,29,1,D.goblin
853,1Œ16“ú,21,0,D.aeruginosa
854,1Œ21“ú,39,0,D.jougo
855,1Œ8“ú,87,0,D.malum
856,1Œ28“ú,81,1,D.aeruginosa
857,1Œ7“ú,77,0,D.malum
858,1Œ27“ú,82,0,D.malum
859,1Œ5“ú,38,0,D. douma
860,1Œ1“ú,45,1,D.goblin
861,1Œ27“ú,77,0,D.aureus
862,1Œ17“ú,5,0,D.aureus
863,1Œ17“ú,76,0,D.aeruginosa
864,1Œ6“ú,80,1,D.malum
865,1Œ17“ú,77,0,D. douma
866,1Œ8“ú,28,1,D.jougo
867,1Œ20“ú,30,0,D. douma
868,1Œ2“ú,68,0,D. douma
869,1Œ16“ú,92,1,D.goblin
870,1Œ26“ú,32,0,D.goblin
871,1Œ22“ú,63,1,D.aureus
872,1Œ16“ú,96,0,D. douma
873,1Œ6“ú,13,1,D.aeruginosa
874,1Œ7“ú,48,1,D. douma
875,1Œ28“ú,29,0,D.aeruginosa
876,1Œ17“ú,28,0,D. douma
877,1Œ19“ú,30,0,D.aureus
878,1Œ10“ú,64,0,D.goblin
879,1Œ12“ú,34,1,D.goblin
880,1Œ10“ú,14,1,D.aeruginosa
881,1Œ8“ú,57,1,D.jougo
882,1Œ25“ú,19,0,D. douma
883,1Œ10“ú,22,1,D.aureus
884,1Œ6“ú,31,1,D.goblin
885,1Œ13“ú,40,0,D. douma
886,1Œ10“ú,42,0,D.malum
887,1Œ1“ú,22,0,D. douma
888,1Œ11“ú,47,1,D.goblin
889,1Œ25“ú,69,0,D.aeruginosa
890,1Œ15“ú,46,0,D.goblin
891,1Œ29“ú,37,0,D.aureus
892,1Œ17“ú,43,0,D.aeruginosa
893,1Œ20“ú,18,0,D.jougo
894,1Œ8“ú,34,0,D.goblin
895,1Œ19“ú,39,1,D. douma
896,1Œ16“ú,25,0,D.aureus
897,1Œ29“ú,39,1,D.aureus
898,1Œ10“ú,71,0,D.aureus
899,1Œ8“ú,17,0,D.jougo
900,1Œ9“ú,70,0,D.aeruginosa
901,1Œ20“ú,38,1,D.goblin
902,1Œ21“ú,43,0,D.aeruginosa
903,1Œ6“ú,66,0,D.jougo
904,1Œ8“ú,28,0,D.jougo
905,1Œ16“ú,30,1,D.malum
906,1Œ10“ú,40,0,D.jougo
907,1Œ13“ú,66,1,D.malum
908,1Œ0“ú,35,0,D.jougo
909,1Œ5“ú,17,1,D.goblin
910,1Œ18“ú,27,1,D.aureus
911,1Œ14“ú,31,0,D. douma
912,1Œ8“ú,59,1,D. douma
913,1Œ24“ú,89,1,D.malum
914,1Œ8“ú,70,1,D.jougo
915,1Œ10“ú,43,0,D.malum
916,1Œ22“ú,60,1,D.aeruginosa
917,1Œ16“ú,46,0,D.jougo
918,1Œ24“ú,15,0,D.aeruginosa
919,1Œ26“ú,22,0,D.jougo
920,1Œ17“ú,76,1,D.goblin
921,1Œ20“ú,81,1,D.aeruginosa
922,1Œ23“ú,90,0,D.aeruginosa
923,1Œ17“ú,13,0,D.aureus
924,1Œ10“ú,91,0,D.malum
925,1Œ11“ú,38,0,D.aeruginosa
926,1Œ17“ú,17,1,D.jougo
927,1Œ6“ú,34,1,D.malum
928,1Œ16“ú,35,0,D. douma
929,1Œ13“ú,110,1,D.jougo
930,1Œ20“ú,77,0,D.aeruginosa
931,1Œ15“ú,63,0,D. douma
932,1Œ8“ú,53,1,D.goblin
933,1Œ4“ú,78,0,D.aeruginosa
934,1Œ23“ú,63,0,D.malum
935,1Œ8“ú,11,0,D.jougo
936,1Œ17“ú,65,1,D.goblin
937,1Œ19“ú,37,1,D.goblin
938,1Œ28“ú,33,0,D.aeruginosa
939,1Œ2“ú,12,0,D.aeruginosa
940,1Œ13“ú,62,0,D.malum
941,1Œ4“ú,66,1,D.malum
942,1Œ17“ú,65,1,D.aureus
943,1Œ10“ú,43,0,D.jougo
944,1Œ16“ú,90,1,D. douma
945,1Œ23“ú,14,0,D. douma
946,1Œ27“ú,26,1,D.jougo
947,1Œ10“ú,40,1,D.aureus
948,1Œ20“ú,77,0,D.malum
949,1Œ12“ú,51,1,D.aureus
950,1Œ18“ú,11,0,D.malum
951,1Œ0“ú,40,1,D.malum
952,1Œ18“ú,50,1,D. douma
953,1Œ29“ú,52,0,D.goblin
954,1Œ11“ú,40,0,D.malum
955,1Œ17“ú,53,0,D.jougo
956,1Œ6“ú,22,1,D.goblin
957,1Œ16“ú,66,0,D.malum
958,1Œ19“ú,22,1,D.jougo
959,1Œ17“ú,80,1,D.aureus
960,1Œ25“ú,44,1,D.aureus
961,1Œ29“ú,48,1,D.jougo
962,1Œ27“ú,54,0,D.aeruginosa
963,1Œ7“ú,29,0,D.aureus
964,1Œ13“ú,32,1,D.aureus
965,1Œ13“ú,43,1,D.aureus
966,1Œ23“ú,40,1,D. douma
967,1Œ3“ú,30,1,D.goblin
968,1Œ20“ú,33,0,D.goblin
969,1Œ17“ú,0,1,D.jougo
970,1Œ10“ú,61,1,D.jougo
971,1Œ17“ú,41,1,D.malum
972,1Œ10“ú,28,0,D. douma
973,1Œ7“ú,21,0,D. douma
974,1Œ18“ú,104,0,D. douma
975,1Œ8“ú,76,0,D.goblin
976,1Œ12“ú,60,0,D.goblin
977,1Œ4“ú,54,0,D.goblin
978,1Œ20“ú,75,1,D.aeruginosa
979,1Œ18“ú,30,0,D. douma
980,1Œ15“ú,50,0,D.aureus
981,1Œ8“ú,33,0,D.malum
982,1Œ10“ú,57,0,D.jougo
983,1Œ21“ú,71,0,D.malum
984,1Œ15“ú,101,0,D.jougo
985,1Œ22“ú,5,0,D.goblin
986,1Œ13“ú,38,1,D.jougo
987,1Œ10“ú,52,1,D.goblin
988,1Œ11“ú,38,1,D.aureus
989,1Œ10“ú,82,1,D. douma
990,1Œ20“ú,61,0,D.aureus
991,1Œ8“ú,48,1,D. douma
992,1Œ30“ú,36,1,D. douma
993,1Œ13“ú,23,1,D.goblin
994,1Œ3“ú,36,1,D.jougo
995,1Œ0“ú,54,0,D.aeruginosa
996,1Œ20“ú,35,0,D.aeruginosa
997,1Œ25“ú,40,1,D.goblin
998,1Œ20“ú,63,0,D.malum
999,1Œ0“ú,55,0,D.goblin
